{"cameraMode":{"drawMode":0,"name":"Shaded","section":"Shading Mode"},"sceneLighting":true,"audioPlay":false,"sceneViewState":{"m_AlwaysRefresh":false,"showFog":true,"showSkybox":true,"showFlares":true,"showImageEffects":true,"showParticleSystems":true,"showVisualEffectGraphs":true,"m_FxEnabled":true},"in2DMode":false,"pivot":{"x":118.87593841552735,"y":-100.55409240722656,"z":60.84927749633789},"rotation":{"x":0.29044681787490847,"y":0.6645570397377014,"z":-0.3154032528400421,"w":0.6119775772094727},"size":133.57896423339845,"orthographic":true}